"","date","date1","mon","weekday","mean_price","trade","mean_T","min_T","max_T","prec","max_ws","mean_ws","rh","light","prec1","pre.price"
"2",2011-07-18,2011-07-18,"07","월요일",6813,48,27.324708249497,22.0209657947686,33.5736016096579,0,4.04796780684105,1.46893360160966,69.861046277666,10.444185110664,"0",10829
"3",2011-07-22,2011-07-22,"07","금요일",11125,52,22.3715492957746,19.2488128772636,27.4650301810865,0,4.73843058350101,2.48531187122736,70.8367002012072,5.17002012072435,"0",6813
"4",2011-07-23,2011-07-23,"07","토요일",15214,21,22.4496579476861,19.4489738430584,26.9459154929577,0.023943661971831,3.17657947686117,1.60507042253521,69.4816901408451,1.13118712273642,"1",11125
"5",2011-07-26,2011-07-26,"07","화요일",8567,104,24.0065191146881,20.6549295774648,28.8569014084507,0.453319919517103,3.8938430583501,1.84591549295775,75.1274044265594,3.37303822937626,"1",15214
"6",2011-08-11,2011-08-11,"08","목요일",12000,19,25.8950100603622,23.6406841046278,29.3449094567404,15.0977867203219,4.05674044265594,1.52036217303823,83.5851911468813,0.827082494969819,"2",8567
"7",2011-08-12,2011-08-12,"08","금요일",9325,20,27.9288531187123,23.3126358148893,33.227967806841,0.0336418511066398,4.28124748490946,1.95657947686117,73.2817706237424,7.34643863179075,"1",12000
"8",2011-08-13,2011-08-13,"08","토요일",11469,16,27.4389939637827,23.7201207243461,32.7282494969819,12.18953722334,4.44575452716298,1.5758953722334,76.0050704225352,4.54853118712274,"2",9325
"9",2011-08-16,2011-08-16,"08","화요일",19366,26,26.8274849094567,23.2889738430584,32.3993963782696,8.82937625754527,4.0056338028169,1.5307444668008,77.1216498993964,4.42321931589537,"2",11469
"10",2011-08-18,2011-08-18,"08","목요일",13000,23,26.5684507042254,23.4604828973843,30.9799195171026,1.42881287726358,3.60454728370221,1.60905432595573,79.7203621730382,0.251750503018109,"1",19366
"11",2011-08-19,2011-08-19,"08","금요일",15229,35,24.1303822937626,22.405754527163,27.14953722334,9.51287726358149,3.67710261569417,1.85247484909457,81.3607243460765,1.53629778672032,"2",13000
"12",2011-08-22,2011-08-22,"08","월요일",14786,28,21.667444668008,17.1339637826962,26.956338028169,0.171388329979879,3.56853118712274,1.16016096579477,78.2544869215292,3.04643863179074,"1",15229
"13",2011-08-23,2011-08-23,"08","화요일",14719,32,20.3480482897384,16.8717907444668,23.907967806841,1.76217303822938,1.99810865191147,0.740080482897384,85.6539235412475,0.0564587525150905,"1",14786
"14",2011-08-27,2011-08-27,"08","토요일",19682,33,23.3180281690141,20.0124748490946,26.670583501006,0.056056338028169,3.51066398390342,1.27513078470825,79.8546881287726,0.0230985915492958,"1",14719
"15",2011-08-29,2011-08-29,"08","월요일",17507,70,23.8826559356137,19.5637022132797,27.8802012072435,0,3.04213279678068,1.34273641851107,78.0762173038229,2.81609657947686,"0",19682
"16",2011-08-30,2011-08-30,"08","화요일",13734,47,25.1209255533199,19.6166599597586,31.3464386317907,0,3.33352112676056,1.27879275653924,74.8743661971831,9.55810865191147,"0",17507
"17",2011-08-31,2011-08-31,"08","수요일",18652,56,25.4022937625755,20.6196780684105,32.3902615694165,0.965191146881288,3.56116700201207,1.32265593561368,74.4146881287726,7.40446680080483,"1",13734
"18",2011-09-01,2011-09-01,"09","목요일",16462,26,25.9158551307847,21.6282897384306,32.6486519114688,0,3.07943661971831,1.26321931589537,70.3876056338028,9.64692152917505,"0",18652
"19",2011-09-05,2011-09-05,"09","월요일",20155,97,23.8896177062374,19.167847082495,28.9313480885312,0,3.87830985915493,1.62028169014084,66.2811267605634,1.08193158953722,"0",16462
"20",2011-09-06,2011-09-06,"09","화요일",19856,83,21.3895774647887,16.8716700201207,27.4140845070423,1.19472837022133,3.52567404426559,1.27585513078471,74.2377867203219,3.68350100603622,"1",20155
"21",2011-09-07,2011-09-07,"09","수요일",15744,39,22.2011267605634,16.5982293762575,29.6001609657948,0,4.23585513078471,1.48989939637827,64.9498591549296,8.94700201207243,"0",19856
"22",2011-09-08,2011-09-08,"09","목요일",26264,36,21.3515895372233,12.9771428571429,29.3893360160966,0,3.34422535211268,1.10603621730382,62.7527967806841,7.8584708249497,"0",15744
"23",2011-09-09,2011-09-09,"09","금요일",24333,18,22.6639034205231,18.4334808853119,27.871509054326,0,3.33122736418511,1.23569416498994,66.7295774647887,2.42853118712274,"0",26264
"24",2011-09-10,2011-09-10,"09","토요일",29877,57,21.9969818913481,19.6154929577465,26.6694969818913,1.56136820925553,3.69525150905433,1.39311871227364,66.2225352112676,0.295010060362173,"1",24333
"25",2011-09-15,2011-09-15,"09","목요일",24839,28,25.5043058350101,21.4816498993964,32.6851911468813,0,2.98663983903421,0.845835010060362,75.6721931589537,6.2225754527163,"0",29877
"26",2011-09-16,2011-09-16,"09","금요일",19074,34,24.9914688128773,19.5317505030181,32.8898993963783,0,2.9261569416499,1.01496981891348,74.5561368209256,8.64804828973843,"0",24839
"27",2011-09-17,2011-09-17,"09","토요일",15667,21,25.6032997987928,19.3213682092555,32.9030583501006,0,3.19227364185111,1.1148490945674,72.4859154929577,8.67150905432596,"0",19074
"28",2011-09-19,2011-09-19,"09","월요일",25000,23,21.9762977867203,19.8402414486922,26.1037424547284,0,4.87843058350101,2.22977867203219,72.2823742454728,1.15158953722334,"0",15667
"30",2012-07-11,2011-07-11,"07","수요일",8696,46,25.037907444668,21.4553319919517,29.3212474849095,0.510342052313883,4.05158953722334,1.9035814889336,70.4407243460765,2.31782696177062,"1",10882
"31",2012-07-13,2011-07-13,"07","금요일",13200,20,26.0338028169014,21.903138832998,30.9453118712274,0,3.17472837022133,1.4307847082495,72.1571830985915,2.43295774647887,"0",8696
"32",2012-08-01,2011-08-01,"08","수요일",5000,20,30.4004024144869,24.9027766599598,36.7969416498994,0,3.21613682092555,1.41601609657948,61.8882092555332,11.3607645875252,"0",13200
"33",2012-08-02,2011-08-02,"08","목요일",6538,26,29.0604024144869,24.2042655935614,34.7991146881288,0,5.28313883299799,2.45211267605634,62.21046277666,12.1550503018109,"0",5000
"34",2012-08-03,2011-08-03,"08","금요일",5962,26,28.1307444668008,25.0917907444668,32.4387122736419,0,4.53995975855131,2.35247484909457,69.1279678068411,3.81561368209256,"0",6538
"35",2012-08-16,2011-08-16,"08","목요일",14750,58,27.9924346076459,23.3356136820926,32.4545674044266,3.30040241448692,4.52382293762575,1.80028169014084,72.7769818913481,1.96941649899396,"2",5962
"36",2012-08-18,2011-08-18,"08","토요일",19569,29,27.3273641851107,23.2074044265594,32.5281287726358,1.34285714285714,3.34555331991952,1.39629778672032,78.3783098591549,5.41782696177062,"1",14750
"37",2012-08-20,2011-08-20,"08","월요일",20050,40,29.1665995975855,24.998953722334,34.2859557344064,0.171388329979879,3.58048289738431,1.32076458752515,70.3078068410463,5.63022132796781,"1",19569
"38",2012-08-21,2011-08-21,"08","화요일",18698,48,27.5765392354125,24.0799195171026,31.5437826961771,0.157826961770624,3.03617706237425,1.20684104627767,75.4074044265594,0.82112676056338,"1",20050
"39",2012-08-22,2011-08-22,"08","수요일",12690,71,27.5903822937626,23.4039839034205,33.1580281690141,0.917142857142857,4.84712273641851,1.34579476861167,72.9317102615694,7.31344064386318,"1",18698
"40",2012-08-23,2011-08-23,"08","목요일",16477,22,24.8486519114688,23.4379879275654,29.1375452716298,21.9372233400402,3.84599597585513,1.17138832997988,86.1655533199195,0.141086519114688,"2",12690
"41",2012-08-25,2011-08-25,"08","토요일",18924,72,21.3336016096579,20.6365392354125,22.2865191146881,21.4056338028169,3.37122736418511,1.84800804828974,89.2893762575453,0,"2",16477
"42",2012-08-27,2011-08-27,"08","월요일",17129,35,26.6302615694165,21.6024949698189,32.6532394366197,0,4.39299798792757,1.76458752515091,74.3564185110664,10.7661971830986,"0",18924
"43",2012-08-29,2011-08-29,"08","수요일",20229,24,26.9039034205231,24.962615694165,29.9711468812877,22.2619718309859,7.96527162977867,4.53050301810865,73.8838229376258,0.57158953722334,"2",17129
"44",2012-08-30,2011-08-30,"08","목요일",18585,47,27.2364185110664,22.8551710261569,31.756861167002,0,4.6102615694165,2.11505030181087,67.502615694165,5.31879275653924,"0",20229
"45",2012-08-31,2011-08-31,"08","금요일",17969,80,24.2406841046278,19.5635412474849,27.6307847082495,14.5969818913481,7.46056338028169,2.30969818913481,82.7292152917505,0.0829376257545272,"2",18585
"46",2012-09-01,2011-09-01,"09","토요일",21532,63,22.4179476861167,18.7090945674044,28.3812877263581,0.884909456740443,3.9358953722334,1.85887323943662,72.9252716297787,5.81782696177062,"1",17969
"47",2012-09-03,2011-09-03,"09","월요일",23576,86,23.2617706237425,19.588490945674,29.7088128772636,0,3.50096579476861,1.4625754527163,75.3390744466801,6.1302615694165,"0",21532
"48",2012-09-04,2011-09-04,"09","화요일",19837,49,23.4000402414487,17.871629778672,30.0749295774648,0,3.21939637826962,1.26313883299799,77.4022937625755,5.46253521126761,"0",23576
"49",2012-09-05,2011-09-05,"09","수요일",25000,66,23.6426559356137,18.9801207243461,29.8303018108652,6.97344064386318,3.17412474849095,0.958591549295775,79.8061167002012,3.71167002012072,"2",19837
"50",2012-09-06,2011-09-06,"09","목요일",22404,167,23.6639034205231,19.2700201207243,29.6021730382294,13.8561368209256,4.79569416498994,1.4548490945674,72.8218108651911,5.07191146881288,"2",25000
"51",2012-09-08,2011-09-08,"09","토요일",33803,33,21.7603621730382,14.0479275653924,28.6270020120724,0.0437826961770624,4.25830985915493,1.61480885311871,71.3524346076459,7.13167002012072,"1",22404
"52",2012-09-10,2011-09-10,"09","월요일",28915,47,20.0510663983903,18.5897786720322,22.3391146881288,6.3327967806841,2.67754527162978,1.11336016096579,82.2127162977867,0.059476861167002,"2",33803
"53",2012-09-12,2011-09-12,"09","수요일",24572,21,19.2406841046278,14.0157746478873,26.8925150905433,0,4.01714285714286,1.27191146881288,75.8502615694165,7.98929577464789,"0",28915
"54",2012-09-13,2011-09-13,"09","목요일",8140,25,20.3863179074447,12.9249094567404,27.7685311871227,0,2.8169416498994,0.96092555331992,72.6372635814889,7.84434607645875,"0",24572
"55",2012-09-20,2011-09-20,"09","목요일",24500,16,20.1174647887324,14.9637022132797,26.7864788732394,0,4.06213279678068,1.51267605633803,70.141569416499,9.17287726358149,"0",8140
"56",2012-09-21,2011-09-21,"09","금요일",20226,31,18.5617706237425,12.4779879275654,26.2143661971831,0,3.45975855130785,1.11223340040241,70.8590744466801,9.24857142857143,"0",24500
"57",2012-09-22,2011-09-22,"09","토요일",18324,37,18.448370221328,12.4171026156942,25.2435010060362,0,2.95090543259557,0.938913480885312,74.2633802816901,5.52108651911469,"0",20226
"58",2012-09-24,2011-09-24,"09","월요일",18760,75,19.3251106639839,13.5972233400402,26.5658350100604,0,3.7543661971831,1.23609657947686,69.8788732394366,8.4892555331992,"0",18324
"60",2013-07-12,2011-07-12,"07","금요일",8723,47,29.1731589537223,24.2630181086519,34.48,0,3.89118712273642,1.99098591549296,64.4870422535211,10.5518309859155,"0",5181
"61",2013-07-15,2011-07-15,"07","월요일",9657,16,25.8906237424547,22.0439839034205,31.9395975855131,11.5162977867203,7.54076458752515,1.41971830985915,79.6942052313883,0.60953722334004,"2",8723
"62",2013-08-10,2011-08-10,"08","토요일",8712,33,30.8671227364185,25.9219315895372,36.6404024144869,0,4.44861167002012,1.94692152917505,67.9051509054326,10.6232193158954,"0",9657
"63",2013-08-15,2011-08-15,"08","목요일",10925,20,28.863138832998,23.2177062374245,35.4608450704225,0,3.6482092555332,1.62575452716298,63.9130784708249,11.659476861167,"0",8712
"64",2013-08-17,2011-08-17,"08","토요일",15172,29,28.7779879275654,22.4193963782696,35.5216901408451,0,3.20659959758551,1.42470824949698,63.8523138832998,11.0924748490946,"0",10925
"65",2013-08-19,2011-08-19,"08","월요일",15252,95,29.5926358148893,22.7001207243461,36.1274044265594,0,4.43480885311871,1.58981891348089,63.648490945674,10.5249496981891,"0",15172
"66",2013-08-20,2011-08-20,"08","화요일",13877,61,29.7472032193159,24.0005633802817,36.8956136820926,0,4.18760563380282,1.35356136820926,65.426921529175,9.16454728370221,"0",15252
"67",2013-08-21,2011-08-21,"08","수요일",9771,59,28.475814889336,23.9769818913481,34.7783501006036,2.04124748490946,4.66688128772636,1.78784708249497,68.6285714285714,8.05118712273642,"2",13877
"68",2013-08-22,2011-08-22,"08","목요일",13335,85,26.2847887323944,22.7425352112676,31.1845070422535,17.2040241448692,3.7082092555332,1.79030181086519,75.9826559356137,4.56490945674044,"2",9771
"69",2013-08-23,2011-08-23,"08","금요일",15020,50,26.9999195171026,22.6019718309859,32.8532796780684,3.2092555331992,2.8507444668008,0.990945674044266,81.4682494969819,2.42981891348089,"2",13335
"70",2013-08-26,2011-08-26,"08","월요일",16308,130,24.44,20.3191951710262,30.8114688128773,0.0362977867203219,4.03513078470825,1.47810865191147,72.8408853118712,8.33525150905433,"1",15020
"71",2013-08-27,2011-08-27,"08","화요일",13754,69,24.1715895372233,18.943138832998,31.5016498993964,0,2.7476861167002,0.942414486921529,70.6651911468813,7.83424547283702,"0",16308
"72",2013-08-28,2011-08-28,"08","수요일",22196,97,24.9381086519115,18.4058350100604,32.3895774647887,0,3.91376257545272,1.39766599597586,67.6021730382294,9.53561368209255,"0",13754
"73",2013-08-29,2011-08-29,"08","목요일",20127,63,25.3244265593561,19.4350503018109,31.9215291750503,0,2.91991951710262,1.06929577464789,68.7435412474849,7.39581488933602,"0",22196
"74",2013-08-30,2011-08-30,"08","금요일",17242,62,26.0863581488934,20.0254728370221,32.5517505030181,3.36800804828974,4.97734406438632,1.79822937625755,76.1221327967807,3.20579476861167,"2",20127
"75",2013-08-31,2011-08-31,"08","토요일",16250,56,25.5907042253521,23.3518712273642,30.209014084507,1.71146881287726,3.75629778672032,1.15565392354125,81.9622937625755,2.35287726358149,"1",17242
"76",2013-09-02,2011-09-02,"09","월요일",20529,139,22.4123138832998,18.1380684104628,28.0182696177062,0,3.90245472837022,1.7369014084507,70.2230181086519,8.51002012072435,"0",16250
"77",2013-09-03,2011-09-03,"09","화요일",25829,82,22.3444668008048,16.8394366197183,29.0498591549296,0,4.07034205231388,1.34547283702213,69.3789134808853,7.44869215291751,"0",20529
"78",2013-09-04,2011-09-04,"09","수요일",26396,91,20.2501810865191,17.8022937625755,23.1206438631791,0,2.47778672032193,0.841287726358149,79.258953722334,0.0463581488933602,"0",25829
"79",2013-09-05,2011-09-05,"09","목요일",28470,98,20.4373038229376,15.3558551307847,28.1078068410463,0,4.4810060362173,1.60599597585513,66.1378672032193,9.5687323943662,"0",26396
"80",2013-09-06,2011-09-06,"09","금요일",25117,64,19.5825754527163,13.6531187122736,24.4430985915493,0,3.88265593561368,1.22748490945674,68.9441448692153,4.16173038229376,"0",28470
"81",2013-09-07,2011-09-07,"09","토요일",18638,105,19.1367002012072,17.2762575452716,21.7063983903421,3.17344064386318,2.92559356136821,0.902937625754527,87.1848692152917,0.0490945674044266,"2",25117
"82",2013-09-09,2011-09-09,"09","월요일",34552,48,21.2689738430584,15.6332394366197,29.2383903420523,0,3.44374245472837,1.10370221327968,71.3845875251509,7.66370221327968,"0",18638
"83",2013-09-10,2011-09-10,"09","화요일",37321,53,21.4449899396378,14.8154124748491,28.8578269617706,0,3.19830985915493,1.03959758551308,70.5680482897384,7.44865191146881,"0",34552
"84",2013-09-11,2011-09-11,"09","수요일",16513,110,23.3910261569416,17.6536016096579,29.3190342052314,0.0970221327967807,2.91094567404427,1.06237424547284,69.9765794768612,4.01171026156942,"1",37321
"85",2013-09-12,2011-09-12,"09","목요일",22087,63,23.2552515090543,20.4985513078471,27.1819315895372,1.60301810865191,2.77348088531187,0.923782696177062,77.6377867203219,0.465070422535211,"1",16513
"86",2013-09-14,2011-09-14,"09","토요일",23182,121,25.3311871227364,19.9258350100604,31.3776257545272,0.039476861167002,3.53875251509054,1.2138430583501,76.8665191146881,4.50285714285714,"1",22087
"87",2013-09-16,2011-09-16,"09","월요일",7815,54,22.0870824949698,16.8542857142857,29.8529175050302,0,4.02619718309859,1.2415291750503,76.6108651911469,7.76700201207244,"0",23182
"88",2013-09-23,2011-09-23,"09","월요일",14184,19,20.4960563380282,16.7213279678068,27.0621730382294,0.19307847082495,5.5897384305835,1.68221327967807,75.8629376257545,2.90124748490946,"1",7815
"89",2013-10-01,2011-10-01,"10","화요일",33457,23,NA,17.7329577464789,NA,9.9579476861167,NA,NA,NA,3.87291750503018,"2",14184
"90",2013-10-02,2011-10-02,"10","수요일",23738,21,20.3372635814889,16.0911871227364,26.3767002012072,0,3.83625754527163,1.38567404426559,76.8201609657948,6.62901408450704,"0",33457
"91",2013-10-03,2011-10-03,"10","목요일",11045,22,19.4718309859155,14.4191951710262,26.1134004024145,0.639517102615694,4.51203219315895,1.63002012072435,75.2598390342052,NA,"1",23738
"92",2013-10-17,2011-10-17,"10","목요일",2000,21,10.3228571428571,4.9502615694165,17.388490945674,0,3.47806841046278,1.45581488933602,64.3558953722334,8.83750503018109,"0",11045
"94",2014-07-15,2011-07-15,"07","화요일",14000,17,27.0235412474849,21.2530382293763,33.7309054325956,0,3.9558953722334,2.01818913480885,57.2710261569416,11.6715895372233,"0",10500
"95",2014-08-02,2011-08-02,"08","토요일",3028,54,27.0383098591549,22.2065995975855,32.8733199195171,0.808812877263581,5.14020120724346,2.05042253521127,76.3844668008048,2.81476861167002,"1",14000
"96",2014-08-08,2011-08-08,"08","금요일",8811,53,22.4985915492958,20.6616901408451,25.62523138833,29.0402414486922,3.31110663983903,1.16732394366197,92.5845472837022,0,"2",3028
"97",2014-08-09,2011-08-09,"08","토요일",8649,37,22.2858350100604,19.2169818913481,25.3460764587525,15.4603621730382,4.69649899396378,2.25637826961771,81.7091348088531,0.119114688128773,"2",8811
"98",2014-08-11,2011-08-11,"08","월요일",7468,78,22.6600804828974,20.3946881287726,27.9540442655936,14.0661971830986,5.40929577464789,1.28832997987928,88.3034607645875,0.678028169014085,"2",8649
"99",2014-08-13,2011-08-13,"08","수요일",8117,56,24.9220120724346,19.0550905432596,31.5431790744467,0,3.86893360160966,1.53468812877264,68.1703420523139,11.0759356136821,"0",7468
"100",2014-08-14,2011-08-14,"08","목요일",7784,74,22.8668812877264,19.774245472837,27.2593963782696,3.23380281690141,2.80845070422535,0.785633802816901,85.2151710261569,0.0478470824949698,"2",8117
"101",2014-08-15,2011-08-15,"08","금요일",18672,35,20.3329175050302,18.8461569416499,21.3194366197183,40.0181086519115,2.98676056338028,0.975090543259557,94.798430583501,0,"2",7784
"102",2014-08-16,2011-08-16,"08","토요일",8021,231,22.8365392354125,20.4779476861167,26.4898993963783,0.909255533199195,3.71778672032193,1.34832997987928,86.7234607645875,2.22571428571429,"1",18672
"103",2014-08-18,2011-08-18,"08","월요일",15716,88,22.439476861167,19.4551307847082,27.8392756539235,20.6784708249497,4.37082494969819,1.76132796780684,81.4154929577465,1.07271629778672,"2",8021
"104",2014-08-20,2011-08-20,"08","수요일",6182,22,23.3270422535211,21.2124748490946,28.0669617706237,26.0480885311871,2.81138832997988,1.06760563380282,91.9559758551308,0.400201207243461,"2",15716
"105",2014-08-21,2011-08-21,"08","목요일",5357,21,23.1217706237425,21.822092555332,24.7531589537223,20.4046277665996,2.43979879275654,1.11682092555332,94.9389134808853,0.0224144869215292,"2",6182
"106",2014-08-22,2011-08-22,"08","금요일",16275,100,25.8111871227364,22.3576659959759,31.0193158953722,52.5547283702213,4.85903420523139,2.04478873239437,75.8574647887324,5.28672032193159,"2",5357
"107",2014-08-23,2011-08-23,"08","토요일",15010,47,24.7599597585513,20.0249496981891,30.4861971830986,0,3.79195171026157,1.73979879275654,70.5403219315895,9.70957746478873,"0",16275
"108",2014-08-25,2011-08-25,"08","월요일",16469,80,24.5132394366197,20.4624144869215,29.7032193158954,1.10503018108652,2.31348088531187,0.851670020120724,79.7548893360161,0.600643863179074,"1",15010
"109",2014-08-26,2011-08-26,"08","화요일",16437,152,22.2017303822938,21.2464386317907,23.4972233400402,41.4287726358149,2.93162977867203,1.11987927565392,95.5787525150905,0,"2",16469
"110",2014-08-27,2011-08-27,"08","수요일",16559,153,24.6400804828974,21.3810865191147,31.003661971831,0.623138832997988,4.70599597585513,1.49529175050302,79.0822132796781,4.06736418511066,"1",16437
"111",2014-08-28,2011-08-28,"08","목요일",13014,139,21.5858350100604,18.0766197183099,24.4434607645875,0,3.16056338028169,1.53887323943662,77.3264788732394,0.785513078470825,"0",16559
"112",2014-08-29,2011-08-29,"08","금요일",15232,138,21.2652716297787,17.4967002012072,26.7681690140845,0,3.34961770623742,1.30321931589537,75.0948088531187,5.55183098591549,"0",13014
"113",2014-08-30,2011-08-30,"08","토요일",15839,137,20.5149295774648,16.4097384305835,26.4076861167002,0,3.96374245472837,1.51360160965795,78.0795171026157,5.27645875251509,"0",15232
"114",2014-09-01,2011-09-01,"09","월요일",20607,56,19.7603621730382,13.4603621730382,26.26953722334,0,2.95593561368209,1.12213279678068,76.269939637827,5.88969818913481,"0",15839
"115",2014-09-02,2011-09-02,"09","화요일",25068,88,20.839476861167,15.1925955734406,27.4043863179074,0,4.00120724346076,1.578953722334,75.0255533199195,8.67428571428571,"0",20607
"116",2014-09-03,2011-09-03,"09","수요일",21278,18,20.6727565392354,16.152152917505,25.6738832997988,6.43762575452716,3.76426559356137,1.59782696177062,81.1461971830986,1.07187122736419,"2",25068
"117",2014-09-04,2011-09-04,"09","목요일",17583,138,22.2014889336016,18.9875653923541,25.6063581488934,14.3983903420523,2.3261569416499,0.853199195171026,93.3858350100604,0.0115492957746479,"2",21278
"118",2014-09-05,2011-09-05,"09","금요일",16769,160,22.811106639839,17.9914688128773,28.4499798792757,0,4.19460764587525,1.86752515090543,74.2257947686117,8.03340040241449,"0",17583
"119",2014-09-06,2011-09-06,"09","토요일",15206,92,22.9244668008048,16.909416498994,31.2795975855131,0.018148893360161,3.05935613682093,1.17521126760563,72.7226559356137,10.2130784708249,"1",16769
"120",2014-09-12,2011-09-12,"09","금요일",7240,25,21.389939637827,15.9705030181087,28.0505030181087,0,3.81923541247485,1.45110663983903,72.834124748491,9.83118712273642,"0",15206
"121",2014-09-19,2011-09-19,"09","금요일",16531,16,19.1829778672032,14.6917907444668,24.386277665996,0,3.92321931589537,1.41786720321932,71.2585110663984,5.36575452716298,"0",7240
"122",2014-09-20,2011-09-20,"09","토요일",15920,25,16.3110663983903,11.1397987927565,24.3551710261569,0,3.17774647887324,0.870261569416499,77.9421730382294,5.02993963782696,"0",16531
"123",2014-09-22,2011-09-22,"09","월요일",16202,57,18.173199195171,10.4587927565392,26.9606841046278,0,3.19939637826962,1.04655935613682,69.8261569416499,10.4327967806841,"0",15920
"124",2014-09-23,2011-09-23,"09","화요일",15952,21,18.8413682092555,11.563138832998,27.5934406438632,0,4.54889336016097,1.43066398390342,73.6253118712274,9.33094567404427,"0",16202
"125",2014-09-24,2011-09-24,"09","수요일",17517,29,19.7396378269618,12.3289336016097,26.9423742454728,4.66519114688129,4.38474849094567,1.53110663983903,75.2154929577465,6.40692152917505,"2",15952
"126",2014-09-26,2011-09-26,"09","금요일",15000,21,20.0508249496982,16.1787525150905,26.4972635814889,0,3.77529175050302,1.25002012072435,78.7888531187123,5.36969818913481,"0",17517
"127",2014-09-29,2011-09-29,"09","월요일",22418,67,19.9408853118712,13.9917907444668,27.5027766599598,0,3.37979879275654,1.13150905432596,78.027847082495,7.00277665995976,"0",15000
"128",2014-10-01,2011-10-01,"10","수요일",21946,28,17.8129175050302,15.6148490945674,20.6431790744467,0.00309859154929578,4.76981891348089,2.021046277666,80.7879275653924,0.808692152917505,"1",22418
"130",2015-07-01,2011-07-01,"07","수요일",8994,166,20.8102213279678,18.5035412474849,25.3706237424547,10.2241448692153,2.8112676056338,0.990543259557344,83.8121126760563,0.0981086519114688,"2",22740
"131",2015-07-04,2011-07-04,"07","토요일",10463,81,23.0576659959759,17.5354929577465,30.0907042253521,0,4.13613682092555,1.81460764587525,63.4662374245473,8.94515090543259,"0",8994
"132",2015-07-07,2011-07-07,"07","화요일",13167,39,21.689014084507,18.2993561368209,26.4005633802817,0.133400402414487,4.38132796780684,2.03835010060362,70.3207243460764,5.26672032193159,"1",10463
"133",2015-07-08,2011-07-08,"07","수요일",8538,40,18.686921529175,17.0225352112676,21.4970623742455,27.8731187122736,3.01315895372233,1.24438631790744,88.9031790744467,0.00853118712273642,"2",13167
"134",2015-07-11,2011-07-11,"07","토요일",11992,62,23.1140040241449,19.6485714285714,27.7946478873239,0,4.06116700201207,1.91927565392354,80.6693360160966,6.56567404426559,"0",8538
"135",2015-07-13,2011-07-13,"07","월요일",5704,27,24.8185110663984,23.5927565392354,26.4871629778672,14.5562173038229,5.89710261569417,2.97102615694165,88.7161368209255,0,"2",11992
"136",2015-07-15,2011-07-15,"07","수요일",9410,39,26.7911871227364,20.9521931589537,32.500523138833,0,3.78068410462777,1.51822937625755,66.7476056338028,7.56253521126761,"0",5704
"137",2015-07-16,2011-07-16,"07","목요일",9583,48,24.8006036217304,19.9432997987928,31.3627364185111,0.0426559356136821,4.87376257545272,1.88221327967807,71.8529577464789,9.01883299798793,"1",9410
"138",2015-07-20,2011-07-20,"07","월요일",9905,63,22.6886921529175,18.7003621730382,27.5419315895372,0,4.13738430583501,1.85505030181087,68.2805633802817,3.85472837022133,"0",9583
"139",2015-07-21,2011-07-21,"07","화요일",10500,20,21.9904225352113,18.6332796780684,25.2222132796781,1.14446680080483,3.36659959758551,1.71472837022133,86.3189134808853,0.021327967806841,"1",9905
"140",2015-07-24,2011-07-24,"07","금요일",5482,57,26.9686519114688,23.4802012072435,30.7239034205231,0.262012072434608,3.80124748490946,1.3656338028169,79.4160563380282,1.4512676056338,"1",10500
"141",2015-07-27,2011-07-27,"07","월요일",14542,24,28.1321931589537,20.6590744466801,35.5411670020121,0,3.85686116700201,1.32704225352113,65.8461971830986,11.7821730382294,"0",5482
"142",2015-07-29,2011-07-29,"07","수요일",4500,16,29.0778269617706,24.6695774647887,34.9622937625754,0.473561368209256,4.18643863179074,1.82229376257545,67.6821327967807,5.94285714285714,"1",14542
"143",2015-07-30,2011-07-30,"07","목요일",4313,67,28.1709456740443,24.1866800804829,32.5107444668008,2.29352112676056,4.26547283702213,1.18901408450704,78.5247484909457,4.74901408450704,"2",4500
"144",2015-08-04,2011-08-04,"08","화요일",6226,62,29.6234205231388,23.7849899396378,36.5323943661972,0,3.8615291750503,1.58446680080483,63.2980684104628,11.5723943661972,"0",4313
"145",2015-08-10,2011-08-10,"08","월요일",12350,20,27.4988329979879,22.54,34.3444668008048,0,3.69653923541247,1.50020120724346,72.4505030181087,8.09545271629779,"0",6226
"146",2015-08-11,2011-08-11,"08","화요일",6905,37,27.1508651911469,22.1798390342052,33.4984708249497,0,3.69106639839034,1.37243460764588,68.1210060362173,3.15219315895372,"0",12350
"147",2015-08-12,2011-08-12,"08","수요일",5500,20,26.3043460764588,21.3053521126761,31.4635412474849,2.10865191146881,2.98366197183099,1.13810865191147,70.1901408450704,0.323138832997988,"2",6905
"148",2015-08-13,2011-08-13,"08","목요일",21459,61,21.6381891348089,19.723138832998,23.5762977867203,20.7902213279678,2.59014084507042,1.10177062374245,94.5084104627767,0.0725150905432596,"2",5500
"149",2015-08-15,2011-08-15,"08","토요일",18058,43,25.0845472837022,20.8761368209256,31.9908249496982,1.06112676056338,3.96370221327968,1.32575452716298,78.0277665995976,8.14036217303823,"1",21459
"150",2015-08-17,2011-08-17,"08","월요일",20491,109,25.0997987927565,21.8018913480885,29.7133199195171,5.79818913480885,3.96953722334004,1.54048289738431,82.0149295774648,1.7656338028169,"2",18058
"151",2015-08-19,2011-08-19,"08","수요일",12437,55,24.1649899396378,19.5765794768612,29.5746076458753,0,4.20607645875251,1.51758551307847,75.8175050301811,4.85714285714286,"0",20491
"152",2015-08-20,2011-08-20,"08","목요일",15919,86,24.3665593561368,19.76953722334,28.6987525150905,0,3.82209255533199,1.41018108651911,76.8414486921529,1.20559356136821,"0",12437
"153",2015-08-21,2011-08-21,"08","금요일",14131,133,23.052555331992,21.5061167002012,25.4722334004024,4.19995975855131,1.81352112676056,0.731710261569416,91.1602012072435,0.0991146881287726,"2",15919
"154",2015-08-22,2011-08-22,"08","토요일",15041,49,22.8972635814889,20.396338028169,28.626277665996,23.269014084507,3.59939637826962,0.98486921529175,87.4837826961771,2.8482092555332,"2",14131
"155",2015-08-24,2011-08-24,"08","월요일",14231,158,24.9791951710262,21.4201207243461,29.7387927565392,0.19738430583501,3.45919517102616,1.14112676056338,80.1602816901408,2.478953722334,"1",15041
"156",2015-08-25,2011-08-25,"08","화요일",14625,68,24.5032595573441,22.057907444668,27.1528772635815,2.76748490945674,4.80672032193159,2.19907444668008,79.1129175050302,0.617867203219316,"2",14231
"157",2015-08-27,2011-08-27,"08","목요일",11361,18,22.0547283702213,18.6156539235412,28.0967002012072,0.0907444668008048,4.14490945674044,1.49871227364185,79.4140845070422,4.29806841046278,"1",14625
"158",2015-08-28,2011-08-28,"08","금요일",17961,115,22.8266800804829,16.7568209255533,30.0111468812877,0.173239436619718,4.09565392354125,1.35098591549296,77.0143259557344,6.3035814889336,"1",11361
"159",2015-08-29,2011-08-29,"08","토요일",22911,96,23.0733601609658,17.892032193159,30.4246680080483,2.39919517102616,4.07456740442656,1.0092152917505,81.2496579476861,6.75839034205231,"2",17961
"160",2015-08-31,2011-08-31,"08","월요일",16880,112,22.9348088531187,17.6157344064386,29.572152917505,0,2.72040241448692,1.07525150905433,79.2238631790744,5.38643863179074,"0",22911
"161",2015-09-01,2011-09-01,"09","화요일",18925,80,23.3246277665996,18.9854728370221,28.8091750503018,0,4.16776659959759,1.64776659959759,78.0053118712274,6.66434607645875,"0",16880
"162",2015-09-02,2011-09-02,"09","수요일",15609,114,23.0402816901408,20.1228973843058,27.5231790744467,15.9437424547284,3.1892152917505,1.28603621730382,81.7243058350101,1.05106639839034,"2",18925
"163",2015-09-03,2011-09-03,"09","목요일",15817,52,22.4318309859155,19.8391549295775,27.8845472837022,22.467847082495,5.35923541247485,1.32374245472837,86.0430985915493,3.64136820925553,"2",15609
"164",2015-09-04,2011-09-04,"09","금요일",19683,180,22.8461167002012,19.3951710261569,28.6827364185111,0,3.46301810865191,1.27098591549296,82.0901408450704,5.32498993963783,"0",15817
"165",2015-09-05,2011-09-05,"09","토요일",19257,111,22.9055533199195,17.6864386317907,29.4717102615694,0,3.58752515090543,1.45863179074447,75.2902615694165,8.98523138832998,"0",19683
"166",2015-09-07,2011-09-07,"09","월요일",23557,122,19.8338430583501,17.0159356136821,22.8872837022133,2.79134808853119,4.00321931589537,1.44116700201207,85.375814889336,0.220523138832998,"2",19257
"167",2015-09-08,2011-09-08,"09","화요일",23982,224,19.7202012072435,15.0106237424547,25.7078068410463,0,4.87038229376258,1.85810865191147,71.0246680080483,10.0648692152918,"0",23557
"168",2015-09-09,2011-09-09,"09","수요일",21127,185,18.8892152917505,11.7582293762575,25.1801207243461,0,5.15682092555332,1.99138832997988,65.7820523138833,9.56933601609658,"0",23982
"169",2015-09-10,2011-09-10,"09","목요일",22986,113,19.4827766599598,12.0217303822938,27.8458350100604,0,4.21219315895372,1.6307444668008,62.8299798792757,11.3357344064386,"0",21127
"170",2015-09-11,2011-09-11,"09","금요일",17680,103,19.7092152917505,11.0106237424547,28.0897786720322,0,2.9733199195171,1.13625754527163,67.5837424547284,11.55046277666,"0",22986
"171",2015-09-12,2011-09-12,"09","토요일",8819,83,21.8907042253521,13.9649496981891,29.2053923541247,0,3.50728370221328,1.22008048289738,68.5200402414487,8.29859154929578,"0",17680
"172",2015-09-14,2011-09-14,"09","월요일",20789,109,18.3986720321932,12.1279275653924,26.3857142857143,0,4.79621730382294,1.58740442655936,67.3847887323944,10.8991549295775,"0",8819
"173",2015-09-15,2011-09-15,"09","화요일",15029,119,17.9010865191147,10.5722736418511,26.3801609657948,0,3.99191146881288,1.38623742454728,67.3676458752515,11.0861167002012,"0",20789
"174",2015-09-16,2011-09-16,"09","수요일",19550,69,17.3691750503018,10.9371026156942,24.1997987927565,0,5.18607645875251,1.81448692152918,69.4618108651911,9.05613682092555,"0",15029
"175",2015-09-21,2011-09-21,"09","월요일",9558,26,19.5491348088531,13.4797585513078,27.3345271629779,0,2.55649899396378,0.981368209255533,78.0331187122736,5.77195171026157,"0",19550
"176",2015-09-23,2011-09-23,"09","수요일",10136,33,19.3709054325956,13.1275251509054,27.205754527163,0,3.81967806841046,1.43678068410463,74.3999195171026,9.84237424547284,"0",9558
"177",2015-09-25,2011-09-25,"09","금요일",5391,32,20.1833400402415,16.9233400402414,23.6258350100604,1.72193158953722,3.52136820925553,1.23243460764588,86.7649496981891,0.153199195171026,"1",10136
"179",2016-06-29,2011-06-29,"06","수요일",13855,76,22.6449899396378,17.4525955734406,29.1338832997988,0,3.44575452716298,1.42253521126761,70.1826559356137,4.6138430583501,"0",5688
"180",2016-06-30,2011-06-30,"06","목요일",12200,45,22.9796780684105,18.8233400402414,27.1683299798793,0.074486921529175,3.15714285714286,1.2758953722334,73.8148088531187,1.65255533199195,"1",13855
"181",2016-07-01,2011-07-01,"07","금요일",10619,109,25.3564587525151,18.951106639839,32.3711871227364,1.57585513078471,4.25364185110664,1.60997987927565,72.1886116700201,7.19408450704225,"1",12200
"182",2016-07-02,2011-07-02,"07","토요일",9491,56,25.1448692152917,22.7091750503018,29.5648289738431,29.9761770623742,3.07927565392354,1.31657947686117,83.7769014084507,1.16132796780684,"2",10619
"183",2016-07-04,2011-07-04,"07","월요일",15960,100,22.9590744466801,20.4799195171026,26.7982293762575,21.006921529175,2.44712273641851,1.07625754527163,90.8901006036217,0.0554527162977867,"2",9491
"184",2016-07-05,2011-07-05,"07","화요일",11735,17,21.0437826961771,20.1313480885312,22.1532796780684,23.4234205231388,3.39287726358149,1.94237424547284,96.5019315895372,0.0853118712273642,"2",15960
"185",2016-07-06,2011-07-06,"07","수요일",10000,26,26.9187525150905,20.8806438631791,32.5800804828974,1.73983903420523,4.62941649899396,1.92317907444668,76.3365392354125,5.59786720321932,"1",11735
"186",2016-07-08,2011-07-08,"07","금요일",8045,56,NA,19.6391146881288,32.9414889336016,1.50285714285714,5.4328370221328,1.45734406438632,NA,7.25134808853119,"1",10000
"187",2016-07-11,2011-07-11,"07","월요일",17714,77,27.1187122736419,22.1283299798793,33.0294969818913,0,2.88,1.16547283702213,70.8193561368209,8.76233400402414,"0",8045
"188",2016-07-12,2011-07-12,"07","화요일",7600,30,25.966921529175,21.6999597585513,30.7697384305835,0.810905432595573,3.44824949698189,1.37251509054326,82.8206036217304,1.71138832997988,"1",17714
"189",2016-07-14,2011-07-14,"07","목요일",3500,30,27.551629778672,23.137907444668,32.3391146881288,0.0577464788732394,3.88712273641851,1.81686116700201,70.4988732394366,6.14313883299799,"1",7600
"190",2016-07-15,2011-07-15,"07","금요일",8246,63,24.7612877263581,21.2053118712274,30.7402816901408,0,4.71372233400402,1.95440643863179,74.8258350100604,6.57187122736418,"0",3500
"191",2016-07-16,2011-07-16,"07","토요일",6658,19,23.8879275653924,19.055814889336,29.1342052313883,0,4.1753722334004,1.92587525150905,71.6945271629779,6.7471629778672,"0",8246
"192",2016-07-18,2011-07-18,"07","월요일",4500,35,25.5071227364185,21.5017706237425,30.5463179074447,0.0224144869215292,2.95645875251509,1.11935613682093,75.8525150905432,5.03633802816901,"1",6658
"193",2016-07-19,2011-07-19,"07","화요일",8000,18,25.2997987927565,20.9888531187123,30.9797585513078,0,3.23058350100604,1.56,68.8202414486922,10.6167404426559,"0",4500
"194",2016-07-25,2011-07-25,"07","월요일",3409,22,27.9451911468813,21.7367002012072,34.772676056338,8.2,3.81416498993964,1.16169014084507,72.8546478873239,8.65541247484909,"2",8000
"195",2016-07-26,2011-07-26,"07","화요일",6500,23,27.2077665995976,24.5231790744467,32.0437022132797,8.01810865191147,4.41943661971831,0.986036217303823,87.1347283702213,1.38788732394366,"2",3409
"196",2016-07-27,2011-07-27,"07","수요일",10671,41,29.4861971830986,24.4306237424547,35.2854728370221,0,3.81513078470825,1.46688128772636,71.8561770623742,9.75082494969819,"0",6500
"197",2016-07-29,2011-07-29,"07","금요일",6315,46,29.9230985915493,24.9709054325956,35.2886519114688,0.00929577464788732,3.71448692152917,1.70454728370221,68.6058350100604,7.11670020120724,"1",10671
"198",2016-07-30,2011-07-30,"07","토요일",5098,41,29.798953722334,23.8014084507042,35.7381086519115,0.308169014084507,3.37839034205231,1.43577464788732,70.9495774647887,8.1672032193159,"1",6315
"199",2016-08-02,2011-08-02,"08","화요일",6500,38,27.4762173038229,23.0197183098592,35.6924346076459,5.03501006036217,5.57533199195171,1.37448692152917,78.3381086519115,7.5723138832998,"2",5098
"200",2016-08-05,2011-08-05,"08","금요일",8106,127,27.2629376257545,22.8512676056338,33.6552515090543,0,4.51670020120724,1.55762575452716,76.6469617706237,9.46370221327968,"0",6500
"201",2016-08-08,2011-08-08,"08","월요일",9035,185,30.0348490945674,23.9017706237425,37.1999195171026,4.49597585513079,3.39545271629779,1.34595573440644,66.3107444668008,11.5345674044266,"2",8106
"202",2016-08-09,2011-08-09,"08","화요일",12363,62,28.6760563380282,24.4325955734406,35.6923138832998,8.33388329979879,4.73219315895372,1.3107444668008,75.8088128772636,7.62382293762575,"2",9035
"203",2016-08-10,2011-08-10,"08","수요일",10177,152,27.1551710261569,23.055814889336,32.3038631790744,0,3.85050301810865,1.7235814889336,68.1267203219316,9.35211267605634,"0",12363
"204",2016-08-11,2011-08-11,"08","목요일",15343,153,28.8445875251509,21.6199597585513,36.5661167002012,0,3.05818913480885,1.27323943661972,67.1089336016096,10.5485714285714,"0",10177
"205",2016-08-12,2011-08-12,"08","금요일",13603,131,30.3621327967807,23.4452716297787,38.5238229376258,0,3.62619718309859,1.44507042253521,66.0406036217304,11.9865593561368,"0",15343
"206",2016-08-13,2011-08-13,"08","토요일",13369,126,30.9795171026157,24.1992756539235,38.731629778672,0,3.11348088531187,1.28728370221328,62.5912273641851,11.7707444668008,"0",13603
"207",2016-08-15,2011-08-15,"08","월요일",17879,162,31.1364587525151,24.2872434607646,37.9309456740443,0,3.95891348088531,1.62096579476861,59.5286921529175,10.8650301810865,"0",13369
"208",2016-08-16,2011-08-16,"08","화요일",15605,224,29.4856338028169,25.1889336016097,36.2108249496982,0,4.02470824949698,1.72977867203219,66.9787525150905,8.10068410462777,"0",17879
"209",2016-08-17,2011-08-17,"08","수요일",18079,157,27.8036217303823,24.2161770623742,32.8177867203219,25.8159758551308,3.81734406438632,1.89770623742455,70.8447887323944,8.09066398390342,"2",15605
"210",2016-08-18,2011-08-18,"08","목요일",13547,200,27.4629778672032,22.2836217303823,34.2901006036217,0.0448289738430584,4.62173038229376,1.52370221327968,73.1816901408451,9.581046277666,"1",18079
"211",2016-08-19,2011-08-19,"08","금요일",14516,257,28.1200402414487,22.8607645875251,34.2972233400402,0,4.2389939637827,1.76297786720322,70.1396780684105,9.8261569416499,"0",13547
"212",2016-08-20,2011-08-20,"08","토요일",15791,268,27.7433400402414,22.3820523138833,34.140523138833,0,4.09686116700201,1.76446680080483,69.4140040241449,11.2801609657948,"0",14516
"213",2016-08-22,2011-08-22,"08","월요일",17092,191,27.3759356136821,21.3698189134809,33.9193158953722,0,3.93006036217304,1.54189134808853,66.5744466800805,9.29573440643863,"0",15791
"214",2016-08-23,2011-08-23,"08","화요일",18445,303,27.6110663983903,21.6149295774648,33.9508249496982,0,4.57118712273642,1.71939637826962,69.2055935613682,10.5070824949698,"0",17092
"215",2016-08-24,2011-08-24,"08","수요일",18326,370,27.0944064386318,22.4038631790744,32.2581086519115,0.0301408450704225,4.75154929577465,1.9153722334004,67.837384305835,8.4133199195171,"1",18445
"216",2016-08-25,2011-08-25,"08","목요일",18679,268,26.5366599597586,20.366277665996,33.8830181086519,0,4.14941649899396,1.69344064386318,66.3764989939638,11.6202012072435,"0",18326
"217",2016-08-26,2011-08-26,"08","금요일",18152,317,28.3404426559356,19.4618913480885,36.3493360160966,0,4.11412474849095,1.49991951710262,59.4185110663984,11.1929577464789,"0",18679
"218",2016-08-27,2011-08-27,"08","토요일",23967,105,21.140523138833,17.9111468812877,26.0561770623742,3.18072434607646,4.97054325955734,1.61762575452716,84.393722334004,0.123702213279678,"2",18152
"219",2016-08-29,2011-08-29,"08","월요일",23687,192,19.1924346076459,18.0013682092555,22.6426559356137,34.4129979879276,2.80885311871227,1.36857142857143,94.8066398390342,0.0725150905432596,"2",23967
"220",2016-08-30,2011-08-30,"08","화요일",21119,206,19.7935613682093,16.0391549295775,25.1514285714286,1.26881287726358,4.5189939637827,2.02937625754527,73.2153722334004,5.13344064386318,"1",23687
"221",2016-08-31,2011-08-31,"08","수요일",18348,174,20.7762173038229,15.7289738430584,26.3140845070423,0.516659959758551,5.35911468812877,2.41525150905433,69.6056740442656,4.0517907444668,"1",21119
"222",2016-09-01,2011-09-01,"09","목요일",21894,207,23.2358551307847,18.9206036217304,28.1612072434608,0.975573440643863,7.92004024144869,4.24458752515091,53.705754527163,5.33871227364185,"1",18348
"223",2016-09-02,2011-09-02,"09","금요일",18834,289,25.9110663983903,20.6164185110664,31.7865191146881,0.588169014084507,4.44772635814889,2.24490945674044,57.8597585513078,10.8495774647887,"1",21894
"224",2016-09-03,2011-09-03,"09","토요일",23266,47,20.0925955734406,19.0810060362173,22.8502213279678,63.2027766599598,4.11263581488934,1.38853118712274,96.9880885311871,0.102374245472837,"2",18834
"225",2016-09-05,2011-09-05,"09","월요일",18991,112,23.5461569416499,20.34523138833,28.6447484909457,3.0446277665996,3.5358953722334,1.1851106639839,90.8791951710262,NA,"2",23266
"226",2016-09-06,2011-09-06,"09","화요일",20187,96,23.9176659959759,21.728370221328,27.8421327967807,1.24837022132797,2.58555331991952,1.02060362173038,90.7970221327968,NA,"1",18991
"227",2016-09-07,2011-09-07,"09","수요일",30725,40,24.4867605633803,21.5618108651911,28.6858350100604,0,2.49686116700201,0.927806841046278,84.8573440643863,NA,"0",20187
"228",2016-09-08,2011-09-08,"09","목요일",21860,50,23.9622132796781,20.4467605633803,29.6817706237425,1.40193158953722,3.91496981891348,0.960603621730382,79.4575452716298,NA,"1",30725
"229",2016-09-09,2011-09-09,"09","금요일",22006,85,22.8465191146881,17.986921529175,29.1875251509054,7.56595573440644,3.31042253521127,1.2671629778672,77.615814889336,8.97243460764587,"2",21860
"230",2016-09-10,2011-09-10,"09","토요일",22938,57,22.9661569416499,19.1391951710262,29.1253521126761,2.8533199195171,3.27247484909457,1.24655935613682,81.4021730382294,7.2487323943662,"2",22006
"231",2016-09-12,2011-09-12,"09","월요일",16597,62,22.7639436619718,19.059476861167,27.3195573440644,0.0216901408450704,2.88414486921529,1.15299798792757,81.596338028169,2.63444668008048,"1",22938
"232",2016-09-13,2011-09-13,"09","화요일",23059,34,20.4386720321932,18.0885311871227,22.6350503018109,12.1053521126761,2.54177062374245,0.82728370221328,95.2321931589537,0.721046277665996,"2",16597
"233",2016-09-19,2011-09-19,"09","월요일",18956,161,19.612676056338,18.011106639839,21.7074044265594,3.36953722334004,3.27625754527163,1.03959758551308,91.7741649899396,0,"2",23059
"234",2016-09-20,2011-09-20,"09","화요일",16890,127,20.1588329979879,17.5212072434608,22.89476861167,0.0907444668008048,6.02997987927565,2.5784708249497,72.5104225352113,0.603098591549296,"1",18956
"235",2016-09-21,2011-09-21,"09","수요일",13324,168,18.7049496981891,12.8890543259557,23.9090543259557,0,5.95798792756539,2.41400402414487,59.2990342052314,8.59766599597586,"0",16890
"236",2016-09-22,2011-09-22,"09","목요일",15860,50,17.8671227364185,10.9952112676056,24.0538028169014,0,4.34233400402414,1.41106639839034,72.5057947686117,6.87814889336016,"0",13324
"237",2016-09-23,2011-09-23,"09","금요일",16278,210,18.6667203219316,15.5281690140845,23.6443058350101,0,2.87577464788732,0.959356136820926,81.2101408450704,0.796981891348089,"0",15860
"238",2016-09-24,2011-09-24,"09","토요일",13285,114,19.4612877263581,13.470583501006,26.2833400402414,0,3.53396378269618,1.14414486921529,79.0146076458753,9.72756539235412,"0",16278
"239",2016-09-26,2011-09-26,"09","월요일",16060,83,20.1971830985915,14.4012474849095,27.2461569416499,0,2.45319919517103,0.718832997987928,80.9746076458753,3.9764185110664,"0",13285
"240",2016-09-27,2011-09-27,"09","화요일",17500,85,21.3228169014084,17.296338028169,25.649014084507,5.18635814889336,2.4482092555332,0.82579476861167,89.0261971830986,0.391066398390342,"2",16060
"241",2016-09-28,2011-09-28,"09","수요일",13303,43,24.2849094567404,21.025754527163,29.7767002012072,0.976177062374245,3.09247484909457,0.796338028169014,88.5374647887324,3.84177062374245,"1",17500
"242",2016-09-29,2011-09-29,"09","목요일",20406,96,22.4853521126761,20.0624144869215,27.0421327967807,8.53605633802817,3.31476861167002,1.15424547283702,90.4421327967807,1.24957746478873,"2",13303
"243",2016-09-30,2011-09-30,"09","금요일",13741,137,18.4389134808853,15.6719919517103,20.3910663983903,0.23010060362173,4.60486921529175,2.03581488933602,78.5460764587525,0,"1",20406
"245",2017-06-29,2011-06-29,"06","목요일",6095,58,24.9962575452716,18.3790744466801,32.3485311871227,0.200482897384306,3.56977867203219,1.43167002012072,64.4927565392354,8.04301810865191,"1",18500
"246",2017-06-30,2011-06-30,"06","금요일",11000,30,25.0259557344064,19.7070824949698,30.5132394366197,0.074486921529175,3.43203219315895,1.19070422535211,65.156861167002,4.85396378269618,"1",6095
"247",2017-07-01,2011-07-01,"07","토요일",3422,45,27.1559356136821,20.8968209255533,33.5380684104628,0.10056338028169,3.90651911468813,1.76712273641851,62.2778672032193,9.22627766599598,"1",11000
"248",2017-07-07,2011-07-07,"07","금요일",4674,23,26.7739235412475,21.9449899396378,33.9391549295775,0.340482897384306,3.4969014084507,1.33263581488934,72.7781086519115,5.73657947686117,"1",3422
"249",2017-07-10,2011-07-10,"07","월요일",7629,35,28.8956941649899,23.8818511066398,35.5442253521127,4.48881287726358,3.64020120724346,1.36941649899396,70.8264788732394,7.779476861167,"2",4674
"250",2017-07-11,2011-07-11,"07","화요일",5500,18,28.8482494969819,25.3989939637827,32.8513480885312,0.0185915492957746,4.3435814889336,1.76164989939638,69.1613279678068,1.14824949698189,"1",7629
"251",2017-07-12,2011-07-12,"07","수요일",9519,26,29.3111468812877,26.1869617706237,33.7475251509054,0.291227364185111,4.75529175050302,2.33187122736418,59.7090945674044,5.76253521126761,"1",5500
"252",2017-07-13,2011-07-13,"07","목요일",4237,57,29.7042655935614,23.9327162977867,36.5886116700201,0,4.59935613682093,2.11432595573441,58.0888128772636,11.5822132796781,"0",9519
"253",2017-07-15,2011-07-15,"07","토요일",6125,40,27.022615694165,21.638953722334,35.8334406438632,64.8886519114688,6.39698189134809,1.81336016096579,72.3961368209255,7.76623742454728,"2",4237
"254",2017-07-24,2011-07-24,"07","월요일",4773,22,26.9837826961771,22.5672837022133,31.2365392354125,0.0885714285714286,2.85440643863179,1.01259557344064,83.4776257545272,0.0938430583501006,"1",6125
"255",2017-07-26,2011-07-26,"07","수요일",9325,20,25.1248289738431,22.4681287726358,26.9118712273642,18.8214889336016,4.18426559356137,1.31734406438632,89.0710261569417,0.700040241448692,"2",4773
"256",2017-08-04,2011-08-04,"08","금요일",8118,17,25.8587525150905,20.8461569416499,31.8032997987928,0,4.26470824949698,1.80808853118712,74.671106639839,8.40527162977867,"0",9325
"257",2017-08-07,2011-08-07,"08","월요일",11408,27,29.9154527162978,24.0472837022133,36.948490945674,0.0185915492957746,3.78438631790744,1.39730382293763,67.4173440643863,11.690583501006,"1",8118
"258",2017-08-08,2011-08-08,"08","화요일",11324,34,28.8332394366197,24.3711871227364,35.7301006036217,1.16989939637827,4.30060362173038,1.70865191146881,69.3392354124748,11.1142052313883,"1",11408
"259",2017-08-09,2011-08-09,"08","수요일",19861,36,28.6727162977867,22.9492555331992,34.7485714285714,0,3.78036217303823,1.53034205231388,63.8903822937626,9.83955734406439,"0",11324
"260",2017-08-10,2011-08-10,"08","목요일",12903,57,26.2113480885312,24.3577062374245,29.1291750503018,10.6833802816901,3.03525150905433,1.30422535211268,86.0139637826962,0.254567404426559,"2",19861
"261",2017-08-11,2011-08-11,"08","금요일",19070,57,24.738953722334,23.3237826961771,27.0480482897384,52.6779476861167,NA,NA,93.9271629778672,0.221247484909457,"2",12903
"262",2017-08-12,2011-08-12,"08","토요일",20438,104,25.4527967806841,21.7878873239437,30.9360160965795,0.289376257545272,NA,NA,79.2988732394366,7.27255533199195,"1",19070
"263",2017-08-14,2011-08-14,"08","월요일",16169,316,23.3544064386318,19.4630985915493,27.1201207243461,0,3.88752515090543,1.43175050301811,78.2483299798793,0.663903420523139,"0",20438
"264",2017-08-15,2011-08-15,"08","화요일",14898,54,22.4942052313883,21.3334808853119,24.5985513078471,51.6425754527163,3.69778672032193,1.23110663983903,92.7344869215292,0.121609657947686,"2",16169
"265",2017-08-16,2011-08-16,"08","수요일",14409,138,23.3735613682093,21.618430583501,25.4443058350101,15.1633802816901,2.75199195171026,1.17855130784708,94.0296981891348,0.0639839034205231,"2",14898
"266",2017-08-17,2011-08-17,"08","목요일",12225,142,25.1564989939638,22.5969014084507,28.961569416499,3.58861167002012,4.22048289738431,1.1707444668008,82.4807645875251,3.41259557344064,"2",14409
"267",2017-08-18,2011-08-18,"08","금요일",14139,176,24.5276861167002,22.289014084507,29.0789939637827,3.77814889336016,3.50028169014085,1.68394366197183,81.8957746478873,4.41706237424547,"2",12225
"268",2017-08-19,2011-08-19,"08","토요일",12400,185,25.4571026156942,20.9708249496982,31.5938028169014,1.06112676056338,3.56289738430584,1.17130784708249,76.6511468812877,7.70957746478873,"1",14139
"269",2017-08-21,2011-08-21,"08","월요일",15642,250,25.2708249496982,23.0508249496982,29.1035010060362,0.719758551307847,3.92635814889336,1.70016096579477,85.4618108651911,1.40072434607646,"1",12400
"270",2017-08-22,2011-08-22,"08","화요일",13041,196,25.7446680080483,23.2852716297787,31.9839839034205,9.95098591549296,4.2435814889336,1.09480885311871,88.4230583501006,3.92780684104628,"2",15642
"271",2017-08-23,2011-08-23,"08","수요일",11139,176,27.1360563380282,23.1867203219316,32.9216901408451,1.1353722334004,4.56575452716298,1.25054325955734,80.8848692152917,7.88128772635815,"1",13041
"272",2017-08-24,2011-08-24,"08","목요일",12302,381,28.8656740442656,24.0113480885312,35.0542857142857,5.86865191146881,4.42897384305835,1.38824949698189,77.5492555331992,8.64362173038229,"2",11139
"273",2017-08-25,2011-08-25,"08","금요일",16462,93,29.6686921529175,24.8960160965795,34.350985915493,2.96519114688129,5.51883299798793,2.26704225352113,71.7285714285714,7.27038229376258,"2",12302
"274",2017-08-26,2011-08-26,"08","토요일",17020,148,26.8566599597585,21.0538430583501,32.8719919517103,0.763018108651911,3.31243460764588,1.52221327967807,68.3738832997988,8.44680080482897,"1",16462
"275",2017-08-28,2011-08-28,"08","월요일",17490,313,22.5131187122736,15.3703822937626,30.4292555331992,0,3.50390342052314,1.1364185110664,67.6001609657948,10.387847082495,"0",17020
"276",2017-08-29,2011-08-29,"08","화요일",15710,31,24.9816096579477,17.3447484909457,32.0931187122736,0.66466800804829,3.58543259557344,1.19255533199195,67.8425352112676,10.0251911468813,"1",17490
"277",2017-08-30,2011-08-30,"08","수요일",16140,121,25.1910663983903,19.5666800804829,31.0213279678068,0.34112676056338,4.10591549295775,1.95042253521127,60.1834205231388,10.4407243460765,"1",15710
"278",2017-08-31,2011-08-31,"08","목요일",14718,387,20.4102615694165,16.9143661971831,24.9541247484909,0.00853118712273642,3.47062374245473,1.56261569416499,60.4005633802817,0.881448692152917,"1",16140
"279",2017-09-01,2011-09-01,"09","금요일",16464,56,20.6455533199195,13.4654325955734,28.2807645875251,0,4.05239436619718,1.33408450704225,65.7109456740443,10.7791549295775,"0",14718
"280",2017-09-02,2011-09-02,"09","토요일",13763,131,20.3070824949698,15.0851106639839,26.8707847082495,0,4.31287726358149,1.87802816901408,65.0961368209256,10.5661971830986,"0",16464
"281",2017-09-05,2011-09-05,"09","화요일",14840,91,21.1412877263581,15.4485311871227,27.7829778672032,0,4.1143661971831,1.418953722334,72.2429376257545,8.10953722334004,"0",13763
"282",2017-09-06,2011-09-06,"09","수요일",9180,39,20.9892555331992,16.6959758551308,25.545754527163,0.427323943661972,2.14008048289738,0.767444668008048,84.5843058350101,0.260080482897384,"1",14840
"283",2017-09-07,2011-09-07,"09","목요일",18326,23,21.3327162977867,18.5739235412475,25.1429376257545,4.07943661971831,2.80539235412475,1.12229376257545,86.2629376257545,0.125674044265594,"2",9180
"284",2017-09-09,2011-09-09,"09","토요일",18658,19,22.4956539235412,15.44523138833,30.1010060362173,0,3.32458752515091,1.00068410462777,73.1407645875252,9.34993963782696,"0",18326
"285",2017-09-11,2011-09-11,"09","월요일",18138,29,22.2502615694165,16.0459557344064,29.0040241448692,0,3.61987927565392,1.31746478873239,75.2983501006036,3.87420523138833,"0",18658
"286",2017-09-14,2011-09-14,"09","목요일",14959,37,20.7967806841046,13.9598792756539,28.2943661971831,0,3.5810060362173,1.50583501006036,61.4092152917505,11.2380684104628,"0",18138
"287",2017-09-15,2011-09-15,"09","금요일",17000,61,19.7656338028169,13.2001609657948,27.2637826961771,0,3.94977867203219,1.47150905432596,70.411629778672,10.6077665995976,"0",14959
"288",2017-09-16,2011-09-16,"09","토요일",15844,32,20.0490543259557,15.1825754527163,24.7585110663984,0,5.85030181086519,2.60185110663984,63.0055130784708,7.32865191146881,"0",17000
"289",2017-09-20,2011-09-20,"09","수요일",17024,42,21.6392354124749,13.4145271629779,28.9143259557344,0.328450704225352,3.82048289738431,1.25734406438632,68.8514688128773,7.28486921529175,"1",15844
"290",2017-09-26,2011-09-26,"09","화요일",18500,17,20.9627766599598,15.1688531187123,29.6289738430583,0,4.12209255533199,1.27299798792757,72.5993963782696,8.5917907444668,"0",17024
